,Title,Published_date,Views,Favorite,Month
0,"Girlfriend Vs Best Friend Ft. Abhishek Chauhan, Saloni Gaur & Srishti Ridhani",2022-06-24,97941,0,Jun
1,Papa Aur Garmi Ki Chutti ft. Anandeshwar Dwivedi and Prakhar Sharma,2022-06-21,509775,0,Jun
2,"Father's Day Special: Papa Main Bada Ho Gaya Hoon Ft. Mayur More, Badri Chavan & Rajendra Chawla",2022-06-18,865707,0,Jun
3,The scene which gave us goosebumps! #PanchayatS2 #TVF #TheViralFever,2022-06-13,1119125,0,Jun
4,Drop a ‚ù§Ô∏èfor this scene! #PanchayatS2 #TVF #TheViralFever,2022-06-09,316449,0,Jun
5,When your nu**s get leaked | All DaduGiri episodes out now! | TheViralFever #shorts,2022-06-04,108601,0,Jun
6,"TVF's Bhartiya Salon Qtiyapa Ft. Abhinav Anand, Saad Bilgrami & Anandeshwar Dwivedi",2022-05-31,952727,0,May
7,Signs that aapka kat gaya hai! | DaduGiri #Shorts ft. Mayur More & Sharat Saxena,2022-05-29,108414,0,May
8,"Girlfriend: I‚Äôm home alone | Me in my mind: | DaduGiri #Shorts ft. Mayur More, Sharat Saxena, Ranjan",2022-05-28,117950,0,May
9,"TVF's DaduGiri | E05 - Goa Ka Plan Aur Dadaji ft. Mayur More, Sharat Saxena & Ranjan Raj",2022-05-26,418273,0,May
10,"TVF's DaduGiri | E04 - Dadaji Aur House Party ft. Mayur More, Sharat Saxena & Ranjan Raj",2022-05-21,407035,0,May
11,TVF's Panchayat Season 2 | Official Trailer | Streaming Now on Amazon Prime Video,2022-05-19,598191,0,May
12,"TVF's DaduGiri | E03 - Dadaji Aur Hera Pheri  ft. Mayur More, Sharat Saxena & Ranjan Raj",2022-05-17,520907,0,May
13,"TVF‚Äôs Cricket Ka Bhoot ft. Badri Chavan, Akashdeep Arora & Luv Vispute",2022-05-14,1807450,0,May
14,"TVF's DaduGiri | E02 - Nibba Nibbi Aur Dadaji ft. Mayur More, Sharat Saxena & Ranjan Raj",2022-05-10,811250,0,May
15,"TVF's DaduGiri | E01 - Dadaji Ki Nayi Nurse ft. Mayur More, Sharat Saxena & Ranjan Raj",2022-05-06,1902263,0,May
16,"TVF's DaduGiri | Official Trailer Ft. Mayur More, Sharat Saxena & Ranjan Raj",2022-05-04,295188,0,May
17,1 Minute of Raghu & Rajiv from Rowdies | The Viral Fever #Shorts,2022-04-28,382728,0,Apr
18,Aarthik Sthiti thik na hai humari | Sandeep Bhaiya from Aspirants #Shorts,2022-04-26,442351,0,Apr
19,"Sapna nahi, AIM bolna shuru karo | Jeetu Bhaiyya | Kota Factory",2022-04-24,144615,0,Apr
20,"If IIPL Teams Were Students Ft. Mayur More, Abhinav Anand & Anandeshwar Dwivedi | The Viral Fever",2022-04-19,1945000,0,Apr
21,Jhonka Official Music Video | Gullak S3 | @Papon | @Anurag Saikia | Durgesh Singh,2022-04-14,568139,0,Apr
22,TVF's Gullak Season 3 | Official Trailer | Streaming Now on SonyLIV,2022-04-07,575770,0,Apr
23,TVF's Trapped With A Fan | Ep 04 Ft. Abhishek Bachchan & Chote Miyan,2022-04-05,2504055,0,Apr
24,Bloody Fool Lyrical Video | Gullak S3 | Anurag Saikia | Irfan Khan | Durgesh Singh,2022-04-03,456290,0,Apr
25,"TVF Bachelors: S3E4 Bachelors vs Marriage II ft. Chote Miyan, Shivankit, Badri, Jassi & Anandeshwar",2022-03-29,1517892,0,Mar
26,"TVF Bachelors: S3E3 Bachelors vs Marriage ft. Chote Miyan, Shivankit, Badri, Jassi & Anandeshwar",2022-03-25,2218321,0,Mar
27,"TVF Bachelors: S3E2 Bachelors vs Bachelors ft. Chote Miyan, Shivankit, Badri, Jassi & Anandeshwar",2022-03-22,2330103,0,Mar
28,"TVF Bachelors: S3E1 Bachelors vs Girlfriend ft. Chote, Shivankit, Badri, Jassi & Anandeshwar Dwivedi",2022-03-15,2771126,0,Mar
29,"TVF's Break-up With Daughter Ft. Neena Gupta, Gajraj Rao, Shreya Singh & Siddharth Mishra",2022-03-11,2340674,0,Mar
30,TVF's Bachelors vs The World | Official Trailer,2022-03-05,764567,0,Mar
31,"Bachelors vs Games | Reunion Special ft. Chote Miyan, Shivankit, Badri & Jasmeet | TVF",2022-03-03,2760154,0,Mar
32,TVF's Rewind Of 10 Years,2022-02-25,625758,0,Feb
33,10 Years Of TVF | Your Life... Our Frames,2022-02-21,364538,0,Feb
34,A Day in the Life of a UPSC Aspirant ft. Naveen Kasturia | TVF Aspirants,2022-02-17,1254773,0,Feb
35,Tere Jaisa ft. TVF Characters | Valentine's Day Special,2022-02-14,382775,0,Feb
36,Valentine's Day ft. Permanent Roommates | TVF,2022-02-11,912072,0,Feb
37,Sirf 21 Din ft. Jeetu Bhaiyya | TVF Kota Factory,2022-02-04,1349668,0,Feb
38,Life is all about Choices One Makes | TVF Cubicles,2022-01-30,306201,0,Jan
39,Bhaisahab Confidence Gir Jata Hai ft. Jeetu Bhaiyya | TVF Kota Factory,2022-01-27,245426,0,Jan
40,Kon Kehta Hai Aasmaan Mein Suraakh Ho Nahi Sakta | SK Sir from TVF ASPIRANTS,2022-01-21,614227,0,Jan
41,Kahin Thor Dikhe Na | Official Lyrical Video | @Anurag Saikia | @Varun Jain  | Avinash Chouhan,2022-01-15,409664,0,Jan
42,Outburst leads to OUTPUT | TVF Cubicles Season 2,2022-01-14,232567,0,Jan
43,TVF's Education Qtiyapa: Maths vs Biology,2022-01-11,1346472,0,Jan
44,Naveen's Motivational Speech |  Bulb Jalega Boss | TVF Pitchers,2022-01-06,547648,0,Jan
45,"TVF's Dish-Yum (Drishyam spoof) ft. Chote Miyan, Badri & Sachin Negi",2022-01-05,1702844,0,Jan
46,TVF's Cubicles Season 2 | Official Trailer | All Episodes Now Streaming on @SonyLIV,2022-01-03,655838,0,Jan
47,Mada Faqa ft. DJ Chitvan | TVF Tripling,2021-12-31,4477489,0,Dec
48,Honest Rant on Chemistry by Vaibhav Pandey | Kota Factory,2021-12-29,4252790,0,Dec
49,Periods: A Woman's Struggle ft. Ahsaas Channa | Kota Factory,2021-12-24,1155885,0,Dec
50,Reason behind the party for Rejected Students by Jeetu Bhaiya | TVF Kota Factory,2021-12-17,6525092,0,Dec
51,Life Lesson from Tom & Jerry ft. Aspirants | TVF,2021-12-16,629378,0,Dec
52,TVF's Celebrities in College: Rajinikanth | Ep 13 Ft. Nikhil Vijay and Abhinav Anand,2021-12-12,1623300,0,Dec
53,Normal Day in the life of Abhishek Tripathi #Panchayat,2021-12-11,508577,0,Dec
54,TVF's Bhartiya Restaurant Qtiyapa Ft. Abhinav Anand & Anant Singh 'Bhaatu',2021-12-07,2600885,0,Dec
55,Raise your hand ‚úã if even you didn't know thisüôãüèª‚Äç‚ôÇÔ∏è #Aspirants,2021-12-03,111093724,0,Dec
56,TVF's Guri and Dhairya on a Date I Aspirants Special,2021-10-22,2523763,0,Oct
57,TVF's When Parents Start Gaming ft. Badri,2021-10-19,722003,0,Oct
58,TVF's We need to Fight ft. Permanent Roommates,2021-10-14,2117732,0,Oct
59,Kota Factory 2 | Classes Running on Netflix | Streaming Now,2021-10-01,620525,0,Oct
60,TVF's Pehle Pyaar Ka Bhoot ft. Ritvik Sahore & Urvi Singh,2021-09-28,2185629,0,Sep
61,TVF's Fitness Ka Bhoot ft. Ritvik Sahore & Ranjan Raj,2021-09-24,1280104,0,Sep
62,"TVF's Papa Coaching Center ft. Jameel Khan, Keshav Sadhna and  @Focused Indian",2021-09-17,577120,0,Sep
63,TVF's School Qtiyapa | Bachpan Ka Pyaar 2.0,2021-09-05,833095,0,Sep
64,Shantit Kranti | Marathi web series | A TVF Creation | @Bharatiya Digital Party | @SonyLIV  Original,2021-07-30,244923,0,Jul
65,TVF's A day before Shaadi ft. Sunny Hinduja and Naveen Kasturia,2021-07-27,1555937,0,Jul
66,Hostel Daze Season 2 - Official Trailer | Amazon Original | A TVF Creation,2021-07-22,957659,0,Jul
67,TVF's Rahasya Mess ke khane ka,2021-07-09,1888017,0,Jul
68,TVF's Celebrities in College: Johnny Sinns | Ep 12 ft. Shivankit Parihar,2021-06-28,7118211,0,Jun
69,Never Have I Ever with Girlfriend - feat. Abhilash and Dhairya from Aspirants,2021-06-18,2615423,0,Jun
70,TVF | Thank you for 10 Million Subscribers,2021-05-28,1100004,0,May
71,De Mauka Zindagi Lyrical Video | TVF's Aspirants | Nilotpal Bora | Avinash Chouhan,2021-05-19,6626575,0,May
72,TVF's Aspirants | Episode 5 | Pre... Mains Aur Life | Season Finale,2021-05-08,28150237,0,May
73,TVF | Covid relief Livestream | Please Donate to save lives,2021-05-06,2558885,0,May
74,TVF's Aspirants | Episode 4 | Plan B Kya Hai?,2021-04-28,29534757,0,Apr
75,TVF's Aspirants | Episode 3 | Positive Approach Rakh Yaar,2021-04-21,28279549,0,Apr
76,TVF's Aspirants | Episode 2 | Teacher Sahi Hona Chahiye,2021-04-14,33224038,0,Apr
77,TVF's Aspirants | Episode 1 | UPSC - Optional Me Kya Hai?,2021-04-07,47186863,0,Apr
78,TVF's Aspirants | Official Trailer | All Episodes Now Streaming,2021-04-06,8455388,0,Apr
79,Shows From The House of TVF | 2021,2021-02-21,1348745,0,Feb
80,TVF's Celebrities in College: Kaleeen Bhaiya | Ep 11 ft. Abhishake Jha and Shivankit Parihar,2021-01-26,3707328,0,Jan
81,TVF‚Äôs Gullak Season 2 Trailer | Streaming from 15th Jan on SonyLIV | World Premiere Series,2021-01-03,978951,0,Jan
82,TVF's Baap Beta Aur KBC ft. Rajit Kapoor & Naveen Kasturia,2020-11-14,588668,0,Nov
83,"CommitMental Trailer | Punarnavi, Udbhav | Pavan Sadineni | An aha Original | TVF creation",2020-11-08,422221,0,Nov
84,TVF's Watching Cricket with Dad ft. Gajraj Rao and Shardul Rana,2020-10-17,671372,0,Oct
85,"TVF's Pati, Patni Aur Diwali Gift Ft. Neena Gupta & Gajraj Rao",2020-10-10,2339725,0,Oct
86,Bhartiya Office Qtiyapa ft. @Vipul Goyal and Ahsaas Channa,2020-09-11,2410250,0,Sep
87,"PUBG-JI ka farewell ft. Shivankit Parihar, Shreya Singh, Pratish Mehta and FauG",2020-09-06,792358,0,Sep
88,TVF's Aise Papa Kiske Hote Hain ft. Shreya Singh & Anant Singh 'Bhatu',2020-09-01,700587,0,Sep
89,"TVF's Sardar Khan In Unlock ft. Ranjan Raj, Prashant, Vaibhav, Pratish",2020-08-21,2548644,0,Aug
90,TVF's Bollywood During Unlock,2020-07-25,690210,0,Jul
91,TVF‚Äôs Landlords Vs Bachelors | A Roast,2020-06-15,1655410,0,Jun
92,TVF's Imaandar Appraisals,2020-05-13,842841,0,May
93,TVF Spotlight | Chosen Few - A Short Film,2020-04-21,1177682,0,Apr
94,TVF's Gone in 20 Seconds,2020-04-14,394908,0,Apr
95,"Permanent Roommates: He Said, She Said | The Imperfect Sunday",2020-04-11,476385,0,Apr
96,Panchayat - Official Trailer | New Series 2020 | TVF X @Amazon Prime Video India,2020-04-02,1264145,0,Apr
97,"Permanent Roommates: He Said, She Said | Housewarming | Promo 1",2020-03-30,1391643,0,Mar
98,Corona Conversation with Dad feat. Jeetu and Gajraj Rao,2020-03-29,4939691,0,Mar
99,The Music Room - Nikhil D'Souza,2020-03-11,132458,0,Mar
100,FATHERS | Promo 3,2020-03-09,148163,0,Mar
101,Pal Wahi Hai | Cubicles | Karthik Rao & Noxious D,2020-02-28,1179483,0,Feb
102,FATHERS | Promo 2,2020-02-24,159415,0,Feb
103,TVF's Kota Factory | Exam Anthem | Let's Crack it!,2020-02-22,2198243,0,Feb
104,"TVF's Imaandar Sharma with Ayushmann Khurrana, Jeetu and Gajraj Rao",2020-02-20,4533110,0,Feb
105,TVF‚Äôs Conversations with Dad: Daddyji‚Äôs Gift,2020-02-18,3339879,0,Feb
106,TVF's Imaandar Sharma with Kartik Aaryan & Sara Ali Khan,2020-02-13,4723268,0,Feb
107,"TVF's Trapped With Girlfriend's Father | Ep 03 ft. Badri Chavan, Sumukhi Suresh, Anant Singh Bhaatu",2020-02-05,3127631,0,Feb
108,TVF | The Music Room with Vaibhav Bundhoo | Ft. Jasleen Royal,2020-01-17,148948,0,Jan
109,Cubicles | Behind The Scenes,2020-01-13,831655,0,Jan
110,Cheesecake Trailer | New show on TVFPlay,2020-01-11,36015,0,Jan
111,Cubicles - EP 05 - System Down | Season Finale,2020-01-06,6250592,0,Jan
112,Cubicles - EP 04 - Reconfiguration,2019-12-30,7058116,0,Dec
113,Socha Na Tha | Cubicles | Karthik Rao & Shilpa Surroch,2019-12-28,1011871,0,Dec
114,Cubicles - EP 03 - Standby,2019-12-23,7193193,0,Dec
115,Main Kaun Hoon | Cubicles | Karthik Rao,2019-12-21,721636,0,Dec
116,Cubicles - EP 02 - CTC,2019-12-17,8005416,0,Dec
117,Hostel Daze Trailer | TVF's Latest Show | Watch Now on Amazon Prime Video,2019-12-14,404268,0,Dec
118,Hostel Daze | TVF's Latest Show | Binge Now on Amazon Prime Video,2019-12-13,831546,0,Dec
119,Cubicles - EP 01 - Access Denied,2019-12-10,14049397,0,Dec
120,TVF | The Music Room with Vaibhav Bundhoo | Ft. Shalmali,2019-12-07,134125,0,Dec
121,"TVF's Imaandar Sharma with Kartik Aaryan, Ananya Panday & Bhumi Pednekar",2019-12-05,7966906,0,Dec
122,Hostel Daze - Announcement | From the Makers of Kota Factory | TVF x Amazon Prime Video,2019-12-04,415431,0,Dec
123,TVF‚Äôs Cubicles | Official Trailer,2019-12-03,1459362,0,Dec
124,"Papa, Tum Kab Jaoge?",2019-11-29,4715183,0,Nov
125,Fathers Playing PUBG | Promo 1,2019-11-26,203522,0,Nov
126,Cheesecake | Official Trailer | MX Original Series | MX Player | A TVF Creation,2019-11-22,1793424,0,Nov
127,TVF | The Music Room with Vaibhav Bundhoo | Ft. Naezy,2019-11-20,122213,0,Nov
128,Yeh Meri Family - Character Introduction | Exciting shows and videos on TVFPlay,2019-11-16,15687,0,Nov
129,School Qtiyapa: Padh Le Basanti,2019-11-13,5327145,0,Nov
130,TVF Shots - Babuji Daatenge | Ep 05,2019-11-04,605156,0,Nov
131,Girls Hostel - Character Introduction | Exciting shows and videos on TVFPlay,2019-11-02,10423,0,Nov
132,College Romance - Character Introduction | Exciting shows and videos on TVFPlay,2019-10-26,12446,0,Oct
133,FATHERS Vol2 | Trailer | All episodes streaming 25th October on TVFPlay and MX Player,2019-10-21,313555,0,Oct
134,FATHERS Vol2 | Trailer | All episodes streaming 25th October on TVFPlay,2019-10-21,18334,0,Oct
135,Engineering Girls - Character Introduction | Exciting shows and videos on TVFPlay,2019-10-17,9628,0,Oct
136,Types of Students | Exciting shows and videos on TVFPlay,2019-10-12,11899,0,Oct
137,TVF | The Music Room with Vaibhav Bundhoo | Ft. Prateek Kuhad,2019-10-10,223225,0,Oct
138,Music From The House of TVF | Exciting shows and videos on TVFPlay,2019-10-03,6963,0,Oct
139,TVF's Celebrities in College: Akshay Kumar | Ep 10 Ft. Shivankit Parihar,2019-09-27,5799685,0,Sep
140,TVF Characters Throughout The Week | Exciting shows and videos on TVFPlay,2019-09-21,27558,0,Sep
141,Types Of Friends | Exciting shows and videos on TVFPlay,2019-09-15,12870,0,Sep
142,Parents at TVF | Exciting shows and videos on TVFPlay,2019-09-14,13403,0,Sep
143,Relationship Problems I Exciting shows and videos on TVFPlay,2019-09-13,8529,0,Sep
144,Roommate Issues I Exciting shows and videos on TVFPlay,2019-08-22,16142,0,Aug
145,TVF‚Äôs Dating Qtiyapa,2019-08-17,2831581,0,Aug
146,PA Gals  S02E02 I Sneak Peek I All episodes on TVFPlay,2019-08-15,9718,0,Aug
147,Girls Hostel  S01E02 I Sneak Peek I All episodes on TVFPlay,2019-08-13,17089,0,Aug
148,TVF Characters as Zodiac Signs I All episodes on TVFPlay,2019-08-11,11964,0,Aug
149,Tripling S02E02 | Sneak Peak | All episodes on TVFPlay,2019-08-09,33357,0,Aug
150,Gullak S01E02 | Sneak Peek |All episodes on TVFPlay,2019-08-07,62386,0,Aug
151,"The Aam Aadmi Family's Dadi | Binge watch all episodes of TAAF S01, S02 & S03 only on TVFPlay",2019-08-05,7535,0,Aug
152,Tripling's Chitvan | Binge watch all episodes of Tripling S01 & S02 only on TVFPlay,2019-08-03,10038,0,Aug
153,Humorously Yours S02E02 | Sneak Peak | All episodes on TVFPlay,2019-07-27,11706,0,Jul
154,TVF Play | Gullak S01E01 I Watch all episodes on www.tvfplay.com,2019-07-25,633403,0,Jul
155,Bhai Ho Toh Aisa | The Best Brother | All episodes on TVFPlay,2019-07-22,9386,0,Jul
156,TVF's OTP | All episdoes on TVFPlay,2019-07-20,6761,0,Jul
157,Gullak | Audio Jukebox | All episodes streaming on SonyLIV,2019-07-20,403224,0,Jul
158,TVF's Sumeet Vyas | All episodes on TVFPlay,2019-07-16,7058,0,Jul
159,Kota Factory - Behind The Scenes,2019-07-16,9976543,0,Jul
160,TVF's Moms | All episodes on TVFPlay,2019-07-14,9446,0,Jul
161,"Vipul, Bhushi and Kavya play Truth or Dare | All episodes on TVFPlay",2019-07-12,17172,0,Jul
162,TVF's Super Tatti (Theatrical Trollers) | Ep 05,2019-07-11,5161209,0,Jul
163,Gullak | Title Track | Jazim Sharma | Simran Hora,2019-07-10,291615,0,Jul
164,The Immature Cast Plays 'Chal Mere Gole' | All episodes on TVFPlay,2019-07-09,3287,0,Jul
165,Yaaron | Music video | feat. Ankur & The Ghalat Family | Kota Factory,2019-07-08,754700,0,Jul
166,Gullak | Trailer | Watch all episodes on 7 July on TVFPlay,2019-07-04,80293,0,Jul
167,TVF Play | Tech Conversations with my Dad S01E01 I Watch all episodes on www.tvfplay.com,2019-07-02,25353,0,Jul
168,TVF Play | Barely Speaking with Arnub S01E01 I Watch all episodes on www.tvfplay.com,2019-06-30,108098,0,Jun
169,TVF Play | Permanent Roommates S01E01 I Watch all episodes on www.tvfplay.com,2019-06-28,188285,0,Jun
170,Gullak | Trailer | All episodes 27 June on SonyLIV,2019-06-21,1725114,0,Jun
171,TVF Play |  Humorously Yours S02E01 I Watch all episodes on www.tvfplay.com,2019-06-18,142350,0,Jun
172,Je Baat! | Humorously Yours S02,2019-06-17,156651,0,Jun
173,TVF Play | Humorously Yours S01E01 I Watch all episodes on www.tvfplay.com,2019-06-15,98728,0,Jun
174,TVF Play | Tripling S01E01 I Watch all episodes on www.tvfplay.com,2019-06-13,196648,0,Jun
175,TVF | Gully Cricket Qtiyapa,2019-06-11,4425114,0,Jun
176,TVFPlay | ImMature | S01E01 | Watch all episodes on www.tvfplay.com,2019-06-07,239604,0,Jun
177,TVF's Celebrities in College: Khaleesi | Ep 09 Ft. Ahsaas Channa,2019-06-04,3454220,0,Jun
178,TVFPlay | Insiders | S01E01 | Watch all episodes on www.tvfplay.com,2019-06-03,71647,0,Jun
179,TVFPlay | Tripling | S02E01 | Watch all episodes on www.tvfplay.com,2019-06-03,375681,0,Jun
180,Candid Chat With Russell Peters | Vipul Goyal | Supermoon,2019-06-02,463519,0,Jun
181,Humorously Yours Season 2 | Trailer | All episodes out on 7 June on TVFPlay and MX Player,2019-05-31,687171,0,May
182,Humorously Yours Season 2 | Official Trailer | Binge watch all episodes on 7 June on TVFPlay,2019-05-31,34858,0,May
183,Main Bola Hey! | Kota Factory | Karthik Rao,2019-05-30,5869263,0,May
184,The Gentleman | Kota Factory Title Track | Simran Hora,2019-05-28,1279871,0,May
185,New on TVFPlay | The best of Indian Web Series,2019-05-27,8585,0,May
186,Next From The House of TVF - Watch on tvfplay.com,2019-05-27,475580,0,May
187,"TVF Couples | Temporary Roommates | Ep 05 Ft. Shivankit Parihar, Srishti Shrivastav",2019-05-21,2609947,0,May
188,Tu Kahaan Hai | Zubeen Garg | Nilotpal Bora | Hussain Haidry | Tripling S2 with Drivezy |Music Video,2019-05-17,840641,0,May
189,Kota Factory - EP 05 - Overhaul | Season Finale,2019-05-14,33228771,0,May
190,Ishq Ka Haafiz Lyrical Video | Tripling S2 | Nilotpal Bora | Hussain Haidry,2019-05-10,3839000,0,May
191,Kota Factory - EP 04 -  Shutdown,2019-05-07,35608098,0,May
192,Chilla Chitvan Chill Scenes | Extended Cut | All episodes streaming now on TVFPLAY & SONYLIV,2019-05-03,467947,0,May
193,Kota Factory - EP 03 -  Optimization,2019-04-30,40259081,0,Apr
194,Kota Factory - EP 02 - Assembly Line,2019-04-23,35887113,0,Apr
195,Tripling Season 2 Music | Audio Jukebox,2019-04-19,521041,0,Apr
196,Kota Factory -  EP 01 - Inventory,2019-04-16,57057542,0,Apr
197,Tripling trio is back! - Sneak Peek 2 | All episodes streaming now on TVFPLAY & SONYLIV,2019-04-12,917171,0,Apr
198,Let's Go Tripling Again | Sneak Peek | All episodes streaming now on TVFPLAY & SONYLIV,2019-04-05,1616781,0,Apr
199,The Insiders | Official Trailer | Releasing on  TVFPLAY and MX PLAYER,2019-04-02,333674,0,Apr
200,Rasta Jahan Le Chale | Nilotpal Bora | Papon | Tripling S2 with Drivezy | Official Music Video,2019-03-30,843462,0,Mar
201,TVF's Kota Factory | Official Trailer,2019-03-27,6919851,0,Mar
202,A day with Bigger Boss | E06,2019-03-23,5634379,0,Mar
203,TVF Tripling Season 2 | Official Trailer | All episodes streaming April 5th on TVFPLAY & SONYLIV,2019-03-14,2256985,0,Mar
204,TVF Tripling Season 2 | Teaser | All episodes streaming April 5th on TVFPLAY & SONYLIV,2019-03-07,1497258,0,Mar
205,TVF Couples | Main Vegan Banna Chahta Hoon | Ep 04 Ft. Aahana Kumra And Naveen Kasturia,2019-02-26,2506957,0,Feb
206,Immature | Official Trailer | MX Original Series | A TVF Creation | MX Player,2019-02-16,2110711,0,Feb
207,Maa Ki Baat - Beta Sweater Pehen Le,2019-02-13,1443359,0,Feb
208,TVF's Celebrities in College: Kangana | Ep 08,2019-02-10,3908770,0,Feb
209,"TVF's  ‡§´‡§Ç‡§∏ ‡§ó‡§è ‡§∞‡•á  with School Teacher | Ep 02 ft. Gopal Datt, Badri Chavan",2019-01-31,3737766,0,Jan
210,Apna Mahi Ayega - A tribute to Dhoni,2019-01-29,7112473,0,Jan
211,Ma'am Vs Child  | Parent Teacher Meeting Qtiyapa,2019-01-07,2478436,0,Jan
212,TVF's New Year Unsuccess Party,2018-12-31,2535583,0,Dec
213,TVF's Rewind 2018,2018-12-30,277847,0,Dec
214,TVF's A Day With Sanjeev Kapoor | E05,2018-12-28,3437307,0,Dec
215,TVF's Celebrities in College: Amitabh Bachchan | Ep 07 Ft. Shivankit Parihar,2018-12-18,4148602,0,Dec
216,TVF's Celebrities in College: Nawazuddin Siddiqui | Ep. 06 Ft. Nikhil Vijay,2018-12-13,9841287,0,Dec
217,TVF's Kota Factory | Teaser,2018-12-10,1723532,0,Dec
218,TVF Shots - ‡§Ö‡§∏‡§≤‡•Ä ‡§Æ‡§∞‡•ç‡§¶ | Ep 04,2018-12-08,1954548,0,Dec
219,Ab Khel Ke Dikha ft. Virat Kohli | Royal Challenge Sports Drink Bold League | Promo 2,2018-12-05,608129,0,Dec
220,TVF's Celebrities in College: Virat Kohli | Ep 05,2018-12-04,8347346,0,Dec
221,Sajni - Lyrical Music Video,2018-12-03,1048464,0,Dec
222,TVF's College ka Pehla Exam,2018-12-01,4250759,0,Dec
223,TVF Shots - Chadhi Nahi Hai | Ep 03,2018-11-28,7325620,0,Nov
224,Ab Khel Ke Dikha ft. Virat Kohli | Royal Challenge Bold League Promo,2018-11-26,775636,0,Nov
225,TVF's Celebrities in College : MacMohan Singh | Ep 04 Ft. Jasmeet Singh Bhatia,2018-11-20,1692730,0,Nov
226,TVF's The Making Of... | S02E03 | A Historical Film (ft. Runveer & Deepu),2018-11-16,4883935,0,Nov
227,TVF's Celebrities in College: Rahul Gandhi | Ep 03 Ft. Shivankit Parihar,2018-11-12,7509396,0,Nov
228,TVF's Celebrities in College: Narendra Moddy | Ep 02,2018-11-07,6662070,0,Nov
229,Tuition Qtiyapa: Hum Fees De Chuke Sanam,2018-10-31,8777210,0,Oct
230,Bhartiya Rail Qtiyapa,2018-10-25,17741455,0,Oct
231,Cheating Qtiyapa | Sagar‚Äôs XI,2018-10-10,8242102,0,Oct
232,Barely Speaking with Arnub | Nawazuddin Siddiqui,2018-09-18,6540584,0,Sep
233,College ‡§ï‡§æ ‡§™‡§π‡§≤‡§æ ‡§π‡§´‡•ç‡§§‡§æ | TVF,2018-09-14,5007551,0,Sep
234,TVF's Celebrities in College: Arwind Kejriwal | Ep 01 Ft. Jitendra Kumar,2018-09-10,7125630,0,Sep
235,Post Match Presentation | Bhai Vs Behen,2018-08-24,644430,0,Aug
236,TVF's Trapped with Dadaji | Ep 01 ft. Badri Chavan,2018-08-19,3888008,0,Aug
237,TVF's School Ka 15th August,2018-08-14,3837434,0,Aug
238,Student Qtiyapa - Aaram Se Sounga,2018-08-10,9408974,0,Aug
239,TVF's Yeh Meri Family | Audio Jukebox | Stream all 7 episodes on TVFPlay,2018-08-09,546594,0,Aug
240,TVF's College Qtiyapa - Bhabhi Hai Teri (Theatrical Trollers) | Ep 04,2018-08-07,1105559,0,Aug
241,TVF‚Äôs Barely Speaking with Arnub | Anil Kapoor,2018-08-01,3343265,0,Aug
242,"Instagram Qtiyapa - Instagrameen Rozgaar Yojna ft. Mithila Palkar, Dulquer Salmaan",2018-07-30,1418326,0,Jul
243,"TVF Couples | Truth Or Dare with College Crush | Ep 03 Ft. Jitendra Kumar, Akansha Thakur",2018-07-25,7302757,0,Jul
244,TVF's Sacred Game Of PUBG (Theatrical Trollers) | Ep 03,2018-07-23,2308580,0,Jul
245,TVF Shots | Proxy Laga De | Ep 02,2018-07-15,852682,0,Jul
246,"TVF‚Äôs Aaj Kya Peena Hai ft. MostlySane, Sanaya, Shivankit",2018-07-10,2097757,0,Jul
247,Aisi Hai Hawa | Udit Narayan x Vaibhav Bundhoo | Yeh Meri Family 1st Episode out on 12th July,2018-07-06,1319772,0,Jul
248,TVF CoCan Studio: ‡§Æ‡§∞‡§æ‡§†‡•Ä Champion Song | The Making of... An IIPL Team,2018-07-03,331397,0,Jul
249,TVF College Admission Qtiyapa | Ek Admission Aisa Bhi,2018-06-30,4846130,0,Jun
250,TVF Yeh Meri Family | Official Trailer | Watch all 7 episodes on TVFPlay,2018-06-28,5713621,0,Jun
251,New Web Series Announcement | TVF's Yeh Meri Family | 12th July on TVFPlay,2018-06-23,543988,0,Jun
252,LIVE with TVF Family,2018-06-22,164247,0,Jun
253,TVF Shots | Bill Main Dunga | Ep 01,2018-06-12,963417,0,Jun
254,Mummy Papa Ka Second Honeymoon || TVF,2018-05-31,4305737,0,May
255,TVF's Tech Conversations With Dad || Data Ki Chori | Ep 04,2018-05-28,5838053,0,May
256,TVF's The Making Of... | S02E02 | An IIPL Team (ft. Vinod Kampbell),2018-05-19,5307192,0,May
257,TVF'S HATED Talks | Benefits of Using Short Forms feat. Sumeet Vyas,2018-05-15,776500,0,May
258,TVF's Indian Institute of Papa Mummy | Parenting Qtiyapa,2018-04-20,1746052,0,Apr
259,TVF's Monitor Ho Toh Aisa | Classroom Qtiyapa,2018-04-13,12407688,0,Apr
260,Hostel Crime Patrol | TVF,2018-03-30,5361178,0,Mar
261,TVF's A Day With Wren & Martin | E04,2018-01-15,2367572,0,Jan
262,Shaadi Ka Bhoot | TVF Qtiyapa,2018-01-10,4122404,0,Jan
263,TVF Bachelors | S02E05 - Bahubully 2 : The Conclusion | Season Finale,2018-01-06,12055415,0,Jan
264,TVF Bachelors | S02E04 - Bahubully : The Beginning,2017-12-29,14094032,0,Dec
265,TVF Bachelors | S02E03 - Bachelors vs Cooking,2017-12-08,19499333,0,Dec
266,TVF Thanks You for 3 Million Subscribers,2017-12-05,234762,0,Dec
267,TVF Bachelors | S02E02 - Bachelors vs Month End,2017-12-01,9104211,0,Dec
268,TVF Bachelors | S02E01 - Bachelors vs Jobs,2017-11-24,16814537,0,Nov
269,TVF Bachelors | Season 2 | Official Trailer,2017-11-16,767315,0,Nov
270,TVF Play | Chai Sutta Chronicles S02E01 | Watch all episodes on www.tvfplay.com,2017-11-07,1944301,0,Nov
271,TVF's An Unnamed Medical Report,2017-10-30,5620322,0,Oct
272,TVF's Long Distance Celebrations || Diwali Qtiyapa,2017-10-16,3528439,0,Oct
273,TVFPlay | Inmates S01E01 | Watch all episodes on www.tvfplay.com,2017-10-13,3476707,0,Oct
274,TVF Couples | Truth or Dare: Husband vs. Wife| Ep 02 feat. Permanent Roommates,2017-10-12,10549233,0,Oct
275,TVF Inmates | Official Trailer,2017-10-07,1371962,0,Oct
276,TVF's From Papa With Love || Birthday Gift Qtiyapa,2017-09-12,4370118,0,Sep
277,TVF's Secret Lecturaar,2017-09-05,1829393,0,Sep
278,TVF Connected Live with Jeetu 24X3 | Day 2 [1st of 2 PARTS ],2017-08-20,220315,0,Aug
279,TVF's AIRTEL Connected Live with Jeetu 24X3 | Day 3 [2nd of 3],2017-08-20,119080,0,Aug
280,TVF's AIRTEL Connected Live with Jeetu 24X3 | Day 3 [1st of 3 PARTS],2017-08-20,162993,0,Aug
281,TVF Connected Live with Jeetu 24X3 | Day 2 [2nd of 2 PARTS],2017-08-20,93056,0,Aug
282,TVF's Connected Live with Jeetu 24X3 | FINALE WITH FRIENDS,2017-08-20,132686,0,Aug
283,TVF's Tribute | Main Fauji Banna Chahta Hoon || Independence Day Special,2017-08-14,3816733,0,Aug
284,Truth or Dare with TVF,2017-08-13,625024,0,Aug
285,TVF's A Day with HC Verma | E03,2017-07-26,9940143,0,Jul
286,Passion Ka Bhoot | TVF Qtiyapa,2017-05-14,2138267,0,May
287,"TVFPlay |  Bisht, Please! S01E01 | Watch all episodes on www.tvfplay.com",2017-04-09,2101771,0,Apr
288,"TVF Couples | Saheb, Biwi aur Billi | Ep 01 Ft. Vipul Goyal, Rasika Dugal",2017-04-05,2007781,0,Apr
289,TVF Bachelors | S01E04 - Bachelors vs Early Morning ft. BB ki Vines,2017-03-18,18483943,0,Mar
290,Dad At Your Office,2017-03-10,2738647,0,Mar
291,"TVF's Bisht, Please! | Official Trailer | Binge Watch Full Season now on TVFPlay (App/Website)",2017-03-07,2573602,0,Mar
292,TVF Bachelors | S01E03 - Bachelors on a Dry Day ft. BB Ki Vines,2017-03-05,14833757,0,Mar
293,TVF Bachelors  | S01E03 - Bachelors on a Dry Day ft. BB Ki Vines,2017-02-25,1393670,0,Feb
294,Dilli De Sardarboys (Starboy Punjabi Version) ft. Aparshakti Khurana & Singhsta || TVF CoCan Studio,2017-02-23,9777056,0,Feb
295,TVF Music | 'Focus' by Vaibhav Bundhoo [Official Video] | Download the MP3 from TVFPlay.com,2017-02-21,797118,0,Feb
296,TVF's Permanent Roommates Season 2 Music | Audio Jukebox | Download the MP3s from TVFPlay.com,2017-02-21,799102,0,Feb
297,Tripling Season 1 Music | Audio Jukebox,2017-02-21,1484958,0,Feb
298,TVF Pitchers Music | Audio Jukebox,2017-02-21,2013237,0,Feb
299,TVF Bachelors Trailer ft. BB ki Vines | New Episodes From Feb 25 only on TVFPlay (App/Website),2017-02-15,1299208,0,Feb
300,DAL Vs. COUPLES - A Valentine's Musical Face-Off by ScreenPatti,2017-02-13,344850,0,Feb
301,TVFPlay | F.A.T.H.E.R.S S01 E01 | Watch all episodes on www.tvfplay.com,2017-02-05,2324093,0,Feb
302,TVF FATHERS - Teaser | Ep 01-02-03 now streaming on TVFPlay (App/Website),2017-01-23,922081,0,Jan
303,Humorously Yours OST ‚Äì ‚ÄúAnginat Sapne‚Äù | Download full Album from TVF Play website,2017-01-21,649727,0,Jan
304,Vipul Goyal on Second Heart Attacks || Watch Humorously Yours Full Season on TVFPlay,2017-01-18,1248278,0,Jan
305,Vipul Goyal on Dry Days (Extended Version) | Watch Humorously Yours Full Season on TVFPlay App,2017-01-12,2206255,0,Jan
306,Vipul Goyal on Flights and Air Hostesses || Watch Humorously Yours Full Season on TVFPlay,2017-01-04,3619785,0,Jan
307,TVF Tripling Music | Gone Gone Gone... Music Video | Download MP3 from TVFPlay.com,2016-12-14,264060,0,Dec
308,Vipul Goyal on Family WhatsApp Groups || Watch Humorously Yours Full Season on TVFPlay,2016-12-13,5156134,0,Dec
309,TVF's Humorously Yours | Official Trailer | Full Season now streaming only on TVFPlay (App/Website),2016-12-02,3111861,0,Dec
310,TVF's He's Not Chotu | Children's Day Special,2016-11-14,1482427,0,Nov
311,TVF's Front Seat Qtiyapa,2016-11-13,3664343,0,Nov
312,Hostel MasterChef | TVF Qtiyapa,2016-11-04,6383493,0,Nov
313,TVF Bachelors | S01E02 - Bachelors vs Landlord ft. BB ki Vines,2016-10-28,25510817,0,Oct
314,TVF's How To Train Your Son - Arranged Dating,2016-09-22,5868456,0,Sep
315,TVFPlay | S01E01 | Watch all episodes on www.tvfplay.com,2016-09-10,8207393,0,Sep
316,TVF's A Day with RD Sharma | E01,2016-09-03,13581264,0,Sep
317,TVF CoCan Studio: Hostel Party Song,2016-09-01,2197909,0,Sep
318,TVF Tripling | Official Trailer |  Binge watch all 5 episodes on TVFPlay (App/Website),2016-08-18,5883232,0,Aug
319,TVF CoCan Studio: Monsoon Song Ft. Leakin' Park,2016-07-28,1505575,0,Jul
320,#FunWithU - The Curious Case of Missing Data,2016-07-15,757694,0,Jul
321,Qtiyapa accepts Challenge #Fakeoff #SpriteComedyKonkout,2016-06-30,142530,0,Jun
322,TVF Bachelors | S01E01 - Bachelors Vs Ghost ft. BB ki Vines,2016-06-15,20529137,0,Jun
323,Game Of Thrones - Full Hindi Theme Song | TVF CoCan Studio,2016-06-05,3156064,0,Jun
324,Aadha 24 Episode 01 | BACK BY POPULAR DEMAND,2016-05-29,515825,0,May
325,Behind the News - Part 2 - Panamania,2016-05-28,418777,0,May
326,Behind The News Part - 1,2016-05-14,959276,0,May
327,TVF's CUTE Vol. 1 ft. Raftaar & Kanan #FunWithU,2016-05-06,12868634,0,May
328,What is Naveen stressed about?,2016-05-03,487166,0,May
329,Daaru Pe Charcha Ep.03 ft. Vijay Maal Legaya by ScreenPatti,2016-04-30,5269822,0,Apr
330,TVF's Truth or Dare with Dad,2016-04-15,28384806,0,Apr
331,TVF's The Making Of.. | S02E01 | A Star Son,2016-03-09,6395481,0,Mar
332,TVFPlay I Permanent Roommates I S02E01 | Watch all episodes on www.tvfplay.com,2016-02-28,8571467,0,Feb
333,TVF's Permanent Roommates Season 2 Promo #2 | Now on TVFPlay (app and website),2016-02-06,2323585,0,Feb
334,"TVF's Eat, Pray... Swipe | Tinder Qtiyapa",2016-01-31,2147184,0,Jan
335,TVF's Permanent Roommates Season 2 Promo #1 | Now on TVFPlay (app and website),2016-01-27,3096178,0,Jan
336,Bhaag Jeetu Bhaag | Behind The Scenes,2016-01-25,160571,0,Jan
337,Bhaag Jeetu Bhaag - The Jodi Awakens | Ft. Kajol and Shah Rukh Khan,2016-01-07,8106835,0,Jan
338,Bhaag Jeetu Bhaag | Trailer | Full Video on TVFPLAY,2015-12-26,626369,0,Dec
339,Not Fit - Official Trailer,2015-12-16,408035,0,Dec
340,Finding Nero - A prequel to 'Not Fit',2015-12-09,493234,0,Dec
341,TVF's Rajasthani Cowboys #Goodweird | Behind The Scenes,2015-12-01,98245,0,Dec
342,TVF's Rajasthani Cowboys #Goodweird,2015-10-30,2915588,0,Oct
343,TVF's Bollywood Clich√© Qtiyapa Ft. Ayushmann Khurrana | Gajraj Rao,2015-10-27,1872364,0,Oct
344,TVF's Censor Qtiyapa,2015-10-27,1718190,0,Oct
345,Making of TVF Pitchers Season 1 | Full Season now streaming on TVFPlay (App/Website),2015-10-13,2352321,0,Oct
346,TVF Energized Entrepreneurs Live | S01E03 Ft. Sumit Jain,2015-09-22,192166,0,Sep
347,TVF Energized Entrepreneurs Live | S01E02 Ft. Kunal Shah,2015-09-22,292289,0,Sep
348,Meet TVF Pitchers Live | E05- Season Finale Live on TVFPlay.com,2015-08-27,696188,0,Aug
349,TVF Energized Entrepreneurs Live | S01E01 Ft. Ritesh Agarwal,2015-08-15,730613,0,Aug
350,Terrorist Call Centre | Ft. Riteish Deshmukh & Pulkit Samrat,2015-08-01,3834578,0,Aug
351,"TVF Pitchers OST - ""One Step At A Time"" | Full Season now streaming on TVFPlay (App/Website)",2015-07-08,1337005,0,Jul
352,TVFPlay I Pitchers I S01E01 I Watch all episodes on www.tvfplay.com,2015-06-10,9132001,0,Jun
353,Maa Ke Haath Ki Cigarette - Advertising Qtiyapa,2015-06-02,3803142,0,Jun
354,TVF Pitchers Season 01 - Official Trailer | Full Season now streaming on TVFPlay (App/Website),2015-05-27,3983962,0,May
355,Live Hangout with Qtiyapa Team | #CrashWithQtiyapa,2015-04-21,138022,0,Apr
356,TVF Pitchers - Official Teaser | Full Season now streaming on TVFPlay (App/Website),2015-04-03,702121,0,Apr
357,Inspector Bond : April Fool Mobile Qtiyapa,2015-04-01,926940,0,Apr
358,TVF's Tech Conversations With Dad : Cheap & Best Internet Plan,2015-03-18,3264098,0,Mar
359,TVF Celebrates Table's Day Just Another Day - #EveryDayTablesDay,2015-03-08,568528,0,Mar
360,TVF Live Show - Vipul Goyal on Cricket Commentary Qtiyapa,2015-02-21,2035074,0,Feb
361,Arnub Vs. Free Speech : Behind The Qtiyapa,2015-02-19,258596,0,Feb
362,Arnub Vs. Free Speech : News-hour Qtiyapa,2015-02-16,3748955,0,Feb
363,TVF Reacts to AIB Knockout - #NoCountryForFunnyMen,2015-02-04,1582640,0,Feb
364,Music from Permanent Roommates,2014-12-18,737490,0,Dec
365,TVF's The Making Of... | S01E05 | A Breaking News Report (Maanglik Hui Mangla),2014-10-31,3843265,0,Oct
366,TMO 5: The Making Of Breaking News (Teaser Trailer),2014-10-30,96449,0,Oct
367,Vipul Goyal on Kashmir Qtiyapa |  TVF Live Show,2014-10-01,5412179,0,Oct
368,Anti Social Experiment Qtiyapa | What happens next will Blow your Mind!!,2014-09-10,1398890,0,Sep
369,TVF's The Making Of... | S01E04 | 'A Decade Long Daily Soap' (ft. Ekthi Kapoor),2014-08-29,4706473,0,Aug
370,TMO 4 Teaser - The Making Of: A Decade Long Daily Soap,2014-08-27,135491,0,Aug
371,TVFPlay | Tech Conversations with my Dad E01 | Watch all episodes on www.tvfplay.com,2014-08-20,2565476,0,Aug
372,TVF's Attack of the Zombehens ( Ek thi Behen 2) Theatrical Trollers | Rakhi Qtiyapa | Ep 02,2014-08-10,766258,0,Aug
373,Method Actor Chant & Random 60s Song : TVF CoCan Studio,2014-08-06,353813,0,Aug
374,TVF's The Making Of... | S01E03 | 'An Indian Arthouse Film' (Spaceship of Pretentious),2014-08-01,2140556,0,Aug
375,TMO Episode 3 Teaser - An Indian Arthouse Film,2014-07-30,106671,0,Jul
376,Qissa Missing Dimaag Ka : C.I.D Qtiyapa - Episode 2,2014-07-17,4412172,0,Jul
377,Qissa Missing Dimaag Ka : C.I.D Qtiyapa - Episode 1,2014-07-10,7598343,0,Jul
378,Kahani Krookshetra Ki: Education Qtiyapa,2014-07-02,3089318,0,Jul
379,Maula Mere Party Karade Tu (Full Song) : TVF Cocan Studio,2014-06-23,842675,0,Jun
380,TVF's The Making Of... | S01E02 | 'A Bollywood Party Song' (ft. Yo Yo Party Singh),2014-06-18,3792914,0,Jun
381,TMO Episode 2 Teaser - A Yo Yo Party Singh Song Promo,2014-06-17,74522,0,Jun
382,TVF Troll Naka: Kyunki IIT Bhi Kabhi Finite Tha,2014-06-11,2412631,0,Jun
383,Order Your Siddhu Now : Laughter King Qtiyapa,2014-06-04,1706555,0,Jun
384,Office Romance Wars: Pen Fight Qtiyapa | Episode 01,2014-05-14,2084579,0,May
385,Office Romance Wars: Car Chase Qtiyapa | Episode 02,2014-05-14,434657,0,May
386,Office Romance Wars: Cowboy Faceoff Qtiyapa | Episode 03,2014-05-14,316596,0,May
387,Mother's Day Special - The Life of Aai,2014-05-08,1373484,0,May
388,Jungle Raj : Indian Politicians Qtiyapa,2014-04-29,1063957,0,Apr
389,Tere Naina Hai Al-Qaeda : TVF Remix,2014-04-26,910224,0,Apr
390,TVF's The Making Of.. | S01E01 | 'A 200 Crore Film' (Bhai Ho!),2014-04-17,6630464,0,Apr
391,'The Making Of...' : Teaser,2014-04-16,89321,0,Apr
392,Sec. 377 Qtiyapa feat. ||Superwoman||,2014-03-03,2031601,0,Mar
393,Aam Aadmi Electro Mix - TVF CoCan Studio feat. Raka Ashok,2014-02-15,454568,0,Feb
394,Bollywood Aam Aadmi Party : Arnub's Qtiyapa,2014-02-06,10309654,0,Feb
395,Aaj Kuch Sanskari Karte Hain : TVF CoCan Studio,2014-01-23,390206,0,Jan
396,Bhagwaan Zameen Par : A Tribute to Sachin,2013-11-13,1776883,0,Nov
397,Anti-Load Campaign: For those who get offended easily,2013-10-10,749874,0,Oct
398,Aaram se Padhunga : Exam Qtiyapa,2013-09-26,9016003,0,Sep
399,Lage Raho Shetty Bhai : Blockbuster Qtiyapa,2013-09-06,3984118,0,Sep
400,TVF's Ek Thi Behen - Rakhi Qtiyapa (Theatrical Trollers) | Ep 01,2013-08-21,3122294,0,Aug
401,Man of Steal: Entrepreneurship Qtiyapa (ft. Deepak Dobriyal),2013-07-31,2728757,0,Jul
402,CHAMPU : Education Qtiyapa,2013-07-19,1229620,0,Jul
403,100 crore ka Qtiyapa : Bollywood Qtiyapa (ft. Anurag Kashyap),2013-07-09,2938694,0,Jul
404,Caller Naina : Mobile Q-tiyapa,2013-06-24,3091155,0,Jun
405,Aisa Waisa Q-tiyapa,2013-06-13,1585331,0,Jun
406,C-Men : Men Who Understand Women,2013-05-30,1307895,0,May
407,Gangs of Social Media II : IPL Q-tiyapa,2013-05-21,2730249,0,May
408,Emotional Atya-Charge : Recharge Q-tiyapa,2013-04-29,5509318,0,Apr
409,"Rowdies XXX : Extra X, Extra Q-tiyapa (feat. Ayushmann Khurrana and Kunaal Roy Kapur)",2013-04-08,11405033,0,Apr
410,TVF Play | Chai Sutta Chronicles S01E01 | Watch all episodes on www.tvfplay.com,2013-02-22,1953295,0,Feb
411,Gangs of Social Media : Valentine's Day Q-tiyapa,2013-02-14,4319895,0,Feb
412,TVF Night Out : Q-tiyapa comes to your College,2013-02-04,820659,0,Feb
413,Shit Engineers Say! - PART 2,2013-01-14,722125,0,Jan
414,Yo Yo Horny Singh - Doordarshan Q-tiyapa (DD Shows Spoof Feat. Yo Yo Honey Singh),2013-01-08,1640318,0,Jan
415,Money Money - Honey Bunny's SPOOF : the Q-tiyatic Version,2012-12-24,414042,0,Dec
416,Mission Impossible 2012 : Q-tiyapa @ Mood Indigo,2012-12-18,834126,0,Dec
417,Shit Engineers Say! - End Sem Q-tiyapa,2012-11-27,1647888,0,Nov
418,JHA.2 - a Bollywood Q-tiyapa on Ra.One (*ing Jha.One),2012-11-09,2638900,0,Nov
419,Gana wala Song : the Q-tiyatic version,2012-10-15,4894487,0,Oct
420,Bappa Ganpati Style! (Gangnam Style Parody @ India ),2012-10-01,315922,0,Oct
421,'Kya Dilli Kya Lahore' - News if India & Pakistan were not divided,2012-08-15,859903,0,Aug
422,Har friend zaroori NAHI hota : Mobile Q-tiyapa,2012-05-29,2353523,0,May
423,Rowdies 9 - Sab Q-tiyapa hai !,2012-02-22,24004430,0,Feb
